Workbook

Sheet Pipeline
A1: ID | B1: Funder | C1: Grant / program | D1: Ask ($) | E1: Round | F1: Deadline | G1: Days left (auto) | H1: Fit (0-100) | I1: Decision | J1: Status | K1: Owner | L1: Next action | M1: Next-action date | N1: Awarded ($) | O1: Award date | P1: Notes
A2: G-001 | B2: Riverbend Community Foundation | C2: General Operating Support | D2: 15000 | E2: LOI | F2: 46304 | G2: =IF(F2="","",F2-TODAY()) | H2: 75 | I2: GO | J2: Writing LOI | K2: Maya R. (ED) | L2: Board signs off on the budget numbers the LOI cites | M2: 46294 | P2: the go-no-go worked example; LOI draft started from 5-loi-library
A3: G-002 | B3: State Humanities Council | C3: Cultural Programs Fund | D3: 25000 | E3: Full proposal | F3: 46340 | G3: =IF(F3="","",F3-TODAY()) | H3: 61 | I3: CONDITIONAL | J3: Scoring | K3: Maya R. (ED) | L3: Re-score after G-001 lands; writing hours depend on it | M3: 46300 | P3: conditional verdict — do not start the proposal before the re-score
A4: G-003 | B4: Lakeshore Bank Foundation | C4: Nonprofit Capacity Fund | D4: 10000 | E4: Invite-only | F4: 46357 | G4: =IF(F4="","",F4-TODAY()) | H4: 58 | I4: CONDITIONAL | J4: Researching | K4: Devin P. (Program) | L4: Ask the bank's community-relations officer for the application form | M4: 46307 | P4: relationship is warm but nothing is in writing yet
A5: G-004 | B5: County Arts Board | C5: Arts-in-Education Grants | D5: 8500 | E5: Full proposal | F5: 46325 | G5: =IF(F5="","",F5-TODAY()) | H5: 41 | I5: NO-GO | J5: Passed | K5: Maya R. (ED) | L5: Withdrawal note sent; asked to stay on the mailing list | M5: 46289 | P5: deadline clashed with the Humanities proposal — a pass is a decision
A6: G-005 | B6: Feeler Family Trust | C6: Annual Giving (renewal) | D6: 5000 | E6: Renewal | F6: 46402 | G6: =IF(F6="","",F6-TODAY()) | H6: 80 | I6: GO | J6: Submitted | K6: Maya R. (ED) | L6: Report + thank-you mailed 9/12; renewal ask amount unchanged | P6: renewal of last year's grant — pipeline-sop.md renewal tier
A7: G-006 | B7: United Way of the River Valley | C7: Education Impact Area | D7: 12000 | E7: LOI | F7: 46289 | G7: =IF(F7="","",F7-TODAY()) | H7: 72 | I7: GO | J7: Writing LOI | K7: Devin P. (Program) | L7: Deadline passed — call the program officer today: extension or pass | M7: 46291 | P7: left overdue ON PURPOSE in this example — this is what the radar catches
A8: G-007 | B8: Grant County Women's Fund | C8: Fast Grants | D8: 4000 | E8: LOI | F8: 46249 | G8: =IF(F8="","",F8-TODAY()) | H8: 70 | I8: GO | J8: Reporting | K8: Maya R. (ED) | L8: Report due 2027-08-15 — calendar block made for July | N8: 4000 | O8: 46267 | P8: awarded same-day thank-you sent; board thanked them by name
G9: =IF(F9="","",F9-TODAY())
G10: =IF(F10="","",F10-TODAY())
G11: =IF(F11="","",F11-TODAY())
G12: =IF(F12="","",F12-TODAY())
G13: =IF(F13="","",F13-TODAY())
G14: =IF(F14="","",F14-TODAY())
G15: =IF(F15="","",F15-TODAY())
G16: =IF(F16="","",F16-TODAY())
G17: =IF(F17="","",F17-TODAY())
G18: =IF(F18="","",F18-TODAY())
G19: =IF(F19="","",F19-TODAY())
G20: =IF(F20="","",F20-TODAY())
... G51: =IF(F51="","",F51-TODAY())
A55: Rows 2-8 are a worked example (one fictional nonprofit) — overwrite with your real rows.
A56: Rules: one row per funder program (not per contact) · Deadline is THEIR deadline,
A57: your internal deadline lives in Next-action date · Decision comes from 2-go-no-go/.

Sheet Deadlines
A1: Deadline radar — counts update live from the Pipeline sheet
A3: Deadlines in the next 7 days | B3: =COUNTIFS(Pipeline!$F$2:$F$200,">="&TODAY(),Pipeline!$F$2:$F$200,"<="&TODAY()+7)
A4: Deadlines in 8-30 days | B4: =COUNTIFS(Pipeline!$F$2:$F$200,">"&TODAY()+7,Pipeline!$F$2:$F$200,"<="&TODAY()+30)
A5: Open items already past their deadline (the red row) | B5: =COUNTIFS(Pipeline!$F$2:$F$200,"<"&TODAY(),Pipeline!$J$2:$J$200,"Researching")+COUNTIFS(Pipeline!$F$2:$F$200,"<"&TODAY(),Pipeline!$J$2:$J$200,"Scoring")+COUNTIFS(Pipeline!$F$2:$F$200,"<"&TODAY(),Pipeline!$J$2:$J$200,"Writing LOI")+COUNTIFS(Pipeline!$F$2:$F$200,"<"&TODAY(),Pipeline!$J$2:$J$200,"Writing proposal")
A7: Ask in play (Writing LOI + Writing proposal + Submitted) | B7: =SUMIF(Pipeline!$J$2:$J$200,"Writing LOI",Pipeline!$D$2:$D$200)+SUMIF(Pipeline!$J$2:$J$200,"Writing proposal",Pipeline!$D$2:$D$200)+SUMIF(Pipeline!$J$2:$J$200,"Submitted",Pipeline!$D$2:$D$200)
A8: Awarded this calendar year | B8: =SUMIFS(Pipeline!$N$2:$N$200,Pipeline!$O$2:$O$200,">="&DATE(YEAR(TODAY()),1,1),Pipeline!$O$2:$O$200,"<="&TODAY())
A10: Monday habit (10 min): open this sheet first. The numbers tell you the week.
A11: If your fiscal year is not the calendar year, copy the Awarded formula and swap
A12: DATE(YEAR(TODAY()),1,1) for your FY start, e.g. DATE(YEAR(TODAY()),7,1) for July.

Sheet Log
A1: Date | B1: Funder / grant | C1: Event | D1: Note
A2: 46289 | B2: County Arts Board — Arts-in-Education | C2: Passed (NO-GO, score 41) | D2: Deadline clashed with the Humanities proposal; withdrew politely and asked for the next cycle.
A3: 46277 | B3: Feeler Family Trust | C3: Report + thank-you sent | D3: Printed report plus a handwritten note; renewal ask implied, amount unchanged.
A4: 46267 | B4: Grant County Women's Fund | C4: Awarded $4,000 | D4: Same-day thank-you email; board thanked the fund by name at the September meeting.
A6: One row per real event: sent, awarded, declined, reported, passed. The Log is
A7: what turns 'which grant paid for what' from a memory test into a lookup.
